{"player_1_win_rate":0.25,"player_2_avg_influence":2,"player_0_avg_influence":2,"_step":32,"reward_trajectory":{"_type":"image-file","sha256":"a392e6952f8485db90717502f66a09c711c1ce1f106dcb593b6edd6a5e31370a","size":17383,"path":"media/images/reward_trajectory_32_a392e6952f8485db9071.png","format":"png","width":1000,"height":600},"player_0_win_rate":0.25,"player_1_max_coins":11,"average_episode_length":9.5,"player_1_avg_coins":5.552631578947368,"_timestamp":1.743114739523288e+09,"player_2_max_coins":10,"player_1_min_coins":2,"player_0_min_coins":2,"action_distribution":{"format":"png","width":1200,"height":600,"_type":"image-file","sha256":"1655aebda91a14a60d4824ba0c0d094132c7485498dd95992088a16f6559cff4","size":26316,"path":"media/images/action_distribution_32_1655aebda91a14a60d48.png"},"policy_loss":0.017198483925312757,"player_0_avg_coins":6.368421052631579,"player_2_min_coins":2,"player_2_win_rate":0.25,"total_reward":-4,"total_episode_length":38,"player_1_avg_influence":2,"player_2_avg_coins":5.026315789473684,"episode":32,"_runtime":14.57861,"average_reward":-1,"value_loss":0.02750497218221426,"player_0_max_coins":12,"state_heatmap":{"_type":"image-file","sha256":"7c923c96c6ea4aa6427dbf51bd8a7ebbfc0bd0db9ba1b89e55c2052c095daf09","size":25226,"path":"media/images/state_heatmap_32_7c923c96c6ea4aa6427d.png","format":"png","width":1000,"height":600},"_wandb":{"runtime":553}}